sku,title,author,Total Qty Ordered,price,Discount,Total Amount,age,link,image,
9781631585579,A Kid's Guide to Money and Finance,Kunigis  Allan,1,9.99,0,9.99,LE,https://www.opendoor-bookstore.com/book/9781631585579,https://images.booksense.com/images/579/585/9781631585579.jpg,
9781524717544,Child of the Universe,Jayawardhana  Ray,1,17.99,0,17.99,LE,https://www.opendoor-bookstore.com/book/9781524717544,https://images.booksense.com/images/544/717/9781524717544.jpg,
9780763645045,Mercy Watson to the Rescue,DiCamillo  Kate,1,6.99,0,6.99,LE,https://www.opendoor-bookstore.com/book/9780763645045,https://images.booksense.com/images/045/645/9780763645045.jpg,
9780500652220,Pop-Up Volcano!,Daugey  Fleur,1,29.95,0,29.95,LE,https://www.opendoor-bookstore.com/book/9780500652220,https://images.booksense.com/images/220/652/9780500652220.jpg,
9781250222213,Agent Moose,O'Hara  Mo,1,10.99,0,10.99,LE UE,https://www.opendoor-bookstore.com/book/9781250222213,https://images.booksense.com/images/213/222/9781250222213.jpg,
9780316307451,CatStronauts: Mission Moon,Brockington  Drew,1,7.99,0,7.99,LE UE,https://www.opendoor-bookstore.com/book/9780316307451,https://images.booksense.com/images/451/307/9780316307451.jpg,
9781338535624,Dog Man: Grime and Punishment: From the Creator o,Pilkey  Dav,1,12.99,0,12.99,LE UE,https://www.opendoor-bookstore.com/book/9781338535624,https://images.booksense.com/images/624/535/9781338535624.jpg,
9781524853815,How to Draw a Mermaid and Other Cute Creatures,Mayo  Lulu,1,12.99,0,12.99,LE UE,https://www.opendoor-bookstore.com/book/9781524853815,https://images.booksense.com/images/815/853/9781524853815.jpg,
9781454941224,How to Draw Cute Beasts,Nguyen  Angela,1,12.95,0,12.95,LE UE,https://www.opendoor-bookstore.com/book/9781454941224,https://images.booksense.com/images/224/941/9781454941224.jpg,
9781454942900,I Heart Kawaii,Thornton  Harry,1,12.95,0,12.95,LE UE,https://www.opendoor-bookstore.com/book/9781454942900,https://images.booksense.com/images/900/942/9781454942900.jpg,
9780063029583,Ivan & Friends 2-Book Collection,Applegate  Katherine,1,37.98,0,37.98,LE UE,https://www.opendoor-bookstore.com/book/9780063029583,https://images.booksense.com/images/583/029/9780063029583.jpg,
9781416983163,Kenny & the Book of Beasts,DiTerlizzi  Tony,1,17.99,0,17.99,LE UE,https://www.opendoor-bookstore.com/book/9781416983163,https://images.booksense.com/images/163/983/9781416983163.jpg,
9781510757004,Learning STEM from Baseball,Ventura  Marne,1,7.99,0,7.99,LE UE,https://www.opendoor-bookstore.com/book/9781510757004,https://images.booksense.com/images/004/757/9781510757004.jpg,
9781536215151,Malamander,Taylor  Thomas,1,7.99,0,7.99,LE UE,https://www.opendoor-bookstore.com/book/9781536215151,https://images.booksense.com/images/151/215/9781536215151.jpg,
9781338587258,Orientation (Marvel: Avengers Assembly #1),Chhibber  Preeti,1,13.99,0,13.99,LE UE,https://www.opendoor-bookstore.com/book/9781338587258,https://images.booksense.com/images/258/587/9781338587258.jpg,
9781419749094,Rowley Jefferson's Awesome Friendly Adventure,Kinney  Jeff,1,14.99,0,14.99,LE UE,https://www.opendoor-bookstore.com/book/9781419749094,https://images.booksense.com/images/094/749/9781419749094.jpg,
9780062839237,Stay,Pyron  Bobbie,1,6.99,0,6.99,LE UE,https://www.opendoor-bookstore.com/book/9780062839237,https://images.booksense.com/images/237/839/9780062839237.jpg,
9781465499332,The Mysteries of the Universe,DK,1,19.99,0,19.99,LE UE,https://www.opendoor-bookstore.com/book/9781465499332,https://images.booksense.com/images/332/499/9781465499332.jpg,
9781338677430,The Witches: The Graphic Novel,Dahl  Roald,1,14.99,0,14.99,LE UE,https://www.opendoor-bookstore.com/book/9781338677430,https://images.booksense.com/images/430/677/9781338677430.jpg,
9780593095614,What Is a Presidential Election?,Yacka  Douglas,1,7.99,0,7.99,LE UE,https://www.opendoor-bookstore.com/book/9780593095614,https://images.booksense.com/images/614/095/9780593095614.jpg,
9780545812573,George,Gino  Alex,1,7.99,0,7.99,LE UE M,https://www.opendoor-bookstore.com/book/9780545812573,https://images.booksense.com/images/573/812/9780545812573.jpg,
9781338048100,Rick,Gino  Alex,1,17.99,0,17.99,LE UE M,https://www.opendoor-bookstore.com/book/9781338048100,https://images.booksense.com/images/100/048/9781338048100.jpg,
9781684376421,The Highlights Book of Things to Do,Highlights,1,24.99,0,24.99,LE UE M,https://www.opendoor-bookstore.com/book/9781684376421,https://images.booksense.com/images/421/376/9781684376421.jpg,LOTS IN STOCK
9781604338720,The Super Duper Joke Book Volume 1,Pellowski  Michael,1,9.99,0,9.99,LE UE M,https://www.opendoor-bookstore.com/book/9781604338720,https://images.booksense.com/images/720/338/9781604338720.jpg,
9781604339598,The Super Duper Joke Book Volume 2,Cider Mill Press,1,9.99,0,9.99,LE UE M,https://www.opendoor-bookstore.com/book/9781604339598,https://images.booksense.com/images/598/339/9781604339598.jpg,
9780316453691,Stamped,Reynolds  Jason,1,18.99,0,18.99,M,https://www.opendoor-bookstore.com/book/9780316453691,https://images.booksense.com/images/691/453/9780316453691.jpg,LOTS IN STOCK
9780593110416,Antiracist Baby,Kendi  Ibram X.,1,8.99,0,8.99,P,https://www.opendoor-bookstore.com/book/9780593110416,https://images.booksense.com/images/416/110/9780593110416.jpg,
9781728236605,Heroes Wear Masks,Sesame Workshop,1,7.99,0,7.99,P,https://www.opendoor-bookstore.com/book/9781728236605,https://images.booksense.com/images/605/236/9781728236605.jpg,
9781773213217,Llamas With Lemonade,Koultourides  Ariana,1,10.99,0,10.99,P,https://www.opendoor-bookstore.com/book/9781773213217,https://images.booksense.com/images/217/213/9781773213217.jpg,
9780735365346,Mindful Baby Board Book Set,Mudpuppy,1,14.99,0,14.99,P,https://www.opendoor-bookstore.com/book/9780735365346,https://images.booksense.com/images/346/365/9780735365346.jpg,
9781951511050,The Yuckiest Alphabet Book in the World,Novak  Margaret,1,12.99,0,12.99,P,https://www.opendoor-bookstore.com/book/9781951511050,https://images.booksense.com/images/050/511/9781951511050.jpg,
9781536207019,This Is a Book of Shapes,Kraegel  Kenneth,1,8.99,0,8.99,P,https://www.opendoor-bookstore.com/book/9781536207019,https://images.booksense.com/images/019/207/9781536207019.jpg,
9781646860623,A Gift for Amma,Sriram  Meera,1,8.99,0,8.99,P LE,https://www.opendoor-bookstore.com/book/9781646860623,https://images.booksense.com/images/623/860/9781646860623.jpg,
9781605375199,All Along the River,Weightman  Magnus,1,9.95,0,9.95,P LE,https://www.opendoor-bookstore.com/book/9781605375199,https://images.booksense.com/images/199/375/9781605375199.jpg,
9781481449946,And Tango Makes Three,Richardson  Justin,1,9.99,0,9.99,P LE,https://www.opendoor-bookstore.com/book/9781481449946,https://images.booksense.com/images/946/449/9781481449946.jpg,
9780593110508,Antiracist Baby,Kendi  Ibram X.,1,8.99,0,8.99,P LE,https://www.opendoor-bookstore.com/book/9780593110508,https://images.booksense.com/images/508/110/9780593110508.jpg,
9780358252108,Becoming a Good Creature,Montgomery  Sy,1,17.99,0,17.99,P LE,https://www.opendoor-bookstore.com/book/9780358252108,https://images.booksense.com/images/108/252/9780358252108.jpg,
9780316562577,Don't Touch My Hair!,Miller  Sharee,1,7.99,0,7.99,P LE,https://www.opendoor-bookstore.com/book/9780316562577,https://images.booksense.com/images/577/562/9780316562577.jpg,
9780593115350,Grandma's Gardens,Clinton  Hillary Rodham,1,18.99,0,18.99,P LE,https://www.opendoor-bookstore.com/book/9780593115350,https://images.booksense.com/images/350/115/9780593115350.jpg,
9781534402317,Harlem Grown: How One Big Idea Transformed a Neig,Hillery  Tony,1,17.99,0,17.99,P LE,https://www.opendoor-bookstore.com/book/9781534402317,https://images.booksense.com/images/317/402/9781534402317.jpg,
9781452156668,How to Write a Story,Messner  Kate,1,17.99,0,17.99,P LE,https://www.opendoor-bookstore.com/book/9781452156668,https://images.booksense.com/images/668/156/9781452156668.jpg,
9780525518778,I Am Every Good Thing,Barnes  Derrick,1,17.99,0,17.99,P LE,https://www.opendoor-bookstore.com/book/9780525518778,https://images.booksense.com/images/778/518/9780525518778.jpg,
9781452137797,If You Come to Earth,Blackall  Sophie,1,18.99,0,18.99,P LE,https://www.opendoor-bookstore.com/book/9781452137797,https://images.booksense.com/images/797/137/9781452137797.jpg,
9781773062365,Loon,Griek  Susan Vande,1,12.95,0,12.95,P LE,https://www.opendoor-bookstore.com/book/9781773062365,https://images.booksense.com/images/365/062/9781773062365.jpg,
9781984896537,Margaret's Unicorn,Smith  Briony May,1,17.99,0,17.99,P LE,https://www.opendoor-bookstore.com/book/9781984896537,https://images.booksense.com/images/537/896/9781984896537.jpg,
9780358423324,Robobaby (signed edition),Wiesner  David,1,17.99,0,17.99,P LE,https://www.opendoor-bookstore.com/book/9780544987319,https://images.booksense.com/images/319/987/9780544987319.jpg,
9781515872894,Sadiq and the Bridge Builders,Nuurali  Siman,1,6.95,0,6.95,P LE,https://www.opendoor-bookstore.com/book/9781515872894,https://images.booksense.com/images/894/872/9781515872894.jpg,
9781515872900,Sadiq and the Explorers,Nuurali  Siman,1,6.95,0,6.95,P LE,https://www.opendoor-bookstore.com/book/9781515872900,https://images.booksense.com/images/900/872/9781515872900.jpg,
9781515845669,Sadiq and the Fun Run,Nuurali  Siman,1,6.95,0,6.95,P LE,https://www.opendoor-bookstore.com/book/9781515845669,https://images.booksense.com/images/669/845/9781515845669.jpg,
9781515872887,Sadiq and the Ramadan Gift,Nuurali  Siman,1,6.95,0,6.95,P LE,https://www.opendoor-bookstore.com/book/9781515872887,https://images.booksense.com/images/887/872/9781515872887.jpg,
9781515845683,Sadiq and theÂ Pet Problem,Nuurali  Siman,1,6.95,0,6.95,P LE,https://www.opendoor-bookstore.com/book/9781515845683,https://images.booksense.com/images/683/845/9781515845683.jpg,
9780593114544,She Persisted in Sports,Clinton  Chelsea,1,17.99,0,17.99,P LE,https://www.opendoor-bookstore.com/book/9780593114544,https://images.booksense.com/images/544/114/9780593114544.jpg,
9781984813787,The Cat Man of Aleppo,Shamsi-Basha  Karim,1,17.99,0,17.99,P LE,https://www.opendoor-bookstore.com/book/9781984813787,https://images.booksense.com/images/787/813/9781984813787.jpg,
9780525555148,The Seed of Compassion,Dalai Lama,1,18.99,0,18.99,P LE,https://www.opendoor-bookstore.com/book/9780525555148,https://images.booksense.com/images/148/555/9780525555148.jpg,
9781682632192,The Story Blanket,Wolff   Ferida,1,8.99,0,8.99,P LE,https://www.opendoor-bookstore.com/book/9781682632192,https://images.booksense.com/images/192/632/9781682632192.jpg,
9780593115053,The Tiny Chef: And Da Mishing Weshipee Blook,Larsen  Rachel,1,18.99,0,18.99,P LE,https://www.opendoor-bookstore.com/book/9780593115053,https://images.booksense.com/images/053/115/9780593115053.jpg,
9781481451482,When I Draw a Panda,Bates  Amy June,1,17.99,0,17.99,P LE,https://www.opendoor-bookstore.com/book/9781481451482,https://images.booksense.com/images/482/451/9781481451482.jpg,
9780593123843,Wild Symphony,Brown  Dan,1,18.99,0,18.99,P LE,https://www.opendoor-bookstore.com/book/9780593123843,https://images.booksense.com/images/843/123/9780593123843.jpg,
9781536217476,Will You Be My Friend?,McBratney  Sam,1,17.99,0,17.99,P LE,https://www.opendoor-bookstore.com/book/9781536217476,https://images.booksense.com/images/476/217/9781536217476.jpg,
9781419746772,Feathered Serpent and the Five Suns,Tonatiuh  Duncan,1,16.99,0,16.99,P LE ,https://www.opendoor-bookstore.com/book/9781419746772,https://images.booksense.com/images/772/746/9781419746772.jpg,
9781849766630,How the Stars Came To Be,Mistry  Poonam,1,17.95,0,17.95,P LE UE,https://www.opendoor-bookstore.com/book/9781849766630,https://www.opendoor-bookstore.com/profiles/indiecommerce/modules/custom/aba_product/images/book_not_found.jpg,
9781944211813,Illustoria: For Creative Kids and Their Grownups,Haidle  Elizabeth,1,16.00,0,16.00,P LE UE,https://www.opendoor-bookstore.com/book/9781944211813,https://images.booksense.com/images/813/211/9781944211813.jpg,
9781620143117,I Remember,Hopkins  Lee Bennett (EDT),1,19.95,0,19.95,UE,https://www.opendoor-bookstore.com/book/9781620143117,https://images.booksense.com/images/117/143/9781620143117.jpg,
9780061146305,Series of Unfortunate Events #1: The Bad Beginning,Snicket  Lemony,1,7.99,0,7.99,UE,https://www.opendoor-bookstore.com/book/9780061146305,https://images.booksense.com/images/305/146/9780061146305.jpg,
9781643750057,Skunk and Badger (Skunk and Badger 1),Timberlake   Amy,1,18.95,0,18.95,UE,https://www.opendoor-bookstore.com/book/9781643750057,https://images.booksense.com/images/057/750/9781643750057.jpg,
9780545349239,The Dragonet Prophecy,Sutherland  Tui,1,7.99,0,7.99,UE,https://www.opendoor-bookstore.com/book/9780545349239,https://images.booksense.com/images/239/349/9780545349239.jpg,
9781984837356,The Blackbird Girls,Blankman  Anne,1,17.99,0,17.99,UE M,https://www.opendoor-bookstore.com/book/9781984837356,https://images.booksense.com/images/356/837/9781984837356.jpg,LOTS IN STOCK
9781523510443,The Constitution Decoded,Kennedy  Katie,1,16.95,0,16.95,UE M,https://www.opendoor-bookstore.com/book/9781523510443,https://images.booksense.com/images/443/510/9781523510443.jpg,
9780358164746,Crossover Graphic Novel ,Alexander  Kwame,1,12.99,0,12.99,UE M,https://www.opendoor-bookstore.com/book/9781328575494,https://images.booksense.com/images/494/575/9781328575494.jpg,